AvenueName,time_band,대형버스,대형트럭,소형버스,소형트럭,승용차,오토바이,cluster_k2,cluster,cluster_name
동막교사거리_경기고속삼거리방면,심야(00-04),2.0864651440783875,0.9816528716063246,0.0181116765979026,5.62910908662815,88.64578994077482,2.6388712803144188,1,2,배달·대중교통 혼합(오후~야간)
동막교사거리_경기고속삼거리방면,새벽첫차(04-07),24.14450204285968,4.026775188540607,1.2555916218529464,13.913247097201362,56.156032491965824,0.5038515575795747,0,3,새벽 첫차 대중교통 극단형
동막교사거리_경기고속삼거리방면,출근(07-10),7.493949316628703,1.0761572567523592,0.3292283599088838,11.32748942401562,79.32293361535957,0.4502420273348519,0,0,물류/화물 중심
동막교사거리_경기고속삼거리방면,낮(10-17),6.599564129625571,1.699160606742376,0.2157143146821883,7.025392297820939,82.54104510398994,1.9191235471389847,1,0,물류/화물 중심
동막교사거리_경기고속삼거리방면,퇴근(17-20),4.465714274082247,0.7625383202986643,0.2039678048423015,3.03732895813571,89.84537530483212,1.6850753378089542,1,2,배달·대중교통 혼합(오후~야간)
동막교사거리_경기고속삼거리방면,저녁(20-24),8.165661602690479,0.6908848428621129,0.0869766902470138,2.0326452510727124,87.41708222196452,1.6067493911631685,1,2,배달·대중교통 혼합(오후~야간)
동막교사거리_동막교삼거리방면,심야(00-04),10.06124157377627,0.8772084416442701,0.0894391329250561,4.5869498171564524,80.95298938185664,3.4321716526413177,1,2,배달·대중교통 혼합(오후~야간)
동막교사거리_동막교삼거리방면,새벽첫차(04-07),15.258270154798954,2.342146007824596,0.7698392910460395,9.20636679564014,71.6861665943307,0.737211156359562,0,3,새벽 첫차 대중교통 극단형
동막교사거리_동막교삼거리방면,출근(07-10),10.515140672012208,1.3355034800781365,0.996545679593334,4.534056591820737,81.99952383007695,0.6192297464186313,1,1,일반/무난한 접근로
동막교사거리_동막교삼거리방면,낮(10-17),9.520510168001444,0.8475840686079141,0.6563090252564228,4.557899460745111,82.20701209462085,2.210685182768253,1,2,배달·대중교통 혼합(오후~야간)
동막교사거리_동막교삼거리방면,퇴근(17-20),7.8508331442889405,0.9307823929942236,0.4340421263105337,2.160577917258974,86.81669001697409,1.807074402173232,1,2,배달·대중교통 혼합(오후~야간)
동막교사거리_동막교삼거리방면,저녁(20-24),13.790574872647102,1.2524216699657826,0.0870221177164553,1.7022790233752427,81.39825258939416,1.769449726901259,1,2,배달·대중교통 혼합(오후~야간)
동막교사거리_오리공원방면,심야(00-04),0.7865908903714686,2.545095132196689,0.0370644922164566,12.68429289185405,81.27007659995058,2.6768799934107568,1,0,물류/화물 중심
동막교사거리_오리공원방면,새벽첫차(04-07),1.0050672841370516,1.343165878049599,0.5956575724017584,6.882781301385952,89.8167723749119,0.3565555891137286,1,0,물류/화물 중심
동막교사거리_오리공원방면,출근(07-10),0.2185097290033927,0.5609983642703186,0.2635479743925404,3.0252337905622606,95.71889205916342,0.2128180826080608,1,1,일반/무난한 접근로
동막교사거리_오리공원방면,낮(10-17),0.2737053093515348,0.8945722073327209,0.5904973768326107,5.8956731024743565,91.19359810494188,1.1519538990668965,1,1,일반/무난한 접근로
동막교사거리_오리공원방면,퇴근(17-20),0.5572184338959603,1.6609806190461955,0.7672961882843223,4.488063569870068,91.23992843692756,1.2865127519758837,1,1,일반/무난한 접근로
동막교사거리_오리공원방면,저녁(20-24),1.3117429234921234,0.3747836924263209,0.6132824057885251,2.4226448252055484,93.7290977396419,1.5484484134455891,1,1,일반/무난한 접근로
동막교사거리_오리역방면,심야(00-04),2.555336434864048,0.28553371962873,0.1229698552534397,3.113840390457844,90.01888329665812,3.903436303137825,1,2,배달·대중교통 혼합(오후~야간)
동막교사거리_오리역방면,새벽첫차(04-07),25.571726155383743,0.7551894711427786,2.1364282064671167,4.106097102206052,66.88732797682214,0.5432310879781698,0,3,새벽 첫차 대중교통 극단형
동막교사거리_오리역방면,출근(07-10),9.493599134923956,0.3567317466961669,1.1384022005621002,2.967469951563715,85.32304560585222,0.7207513604018417,1,1,일반/무난한 접근로
동막교사거리_오리역방면,낮(10-17),12.3053488958467,0.5596967288720369,1.3425300893344438,3.506313095044316,79.54304266924552,2.74306852165698,1,2,배달·대중교통 혼합(오후~야간)
동막교사거리_오리역방면,퇴근(17-20),13.85272028858271,0.3261649097643164,1.254734615903308,1.591527571741544,79.58816768020121,3.3866849338069214,1,2,배달·대중교통 혼합(오후~야간)
동막교사거리_오리역방면,저녁(20-24),15.993400232005497,0.2058767217398159,1.4847225507089683,1.2674708022209458,77.38351859985809,3.66501109346668,1,2,배달·대중교통 혼합(오후~야간)
미금역사거리_까치마을사거리방면,심야(00-04),1.3147207027178562,0.2278657532868017,0.3392827619917048,10.84986018962456,85.83063177038032,1.4376388219987493,1,0,물류/화물 중심
미금역사거리_까치마을사거리방면,새벽첫차(04-07),6.694427766264453,0.5101586256318879,1.1272297650636245,6.901280238616335,84.54804284247835,0.2188607619453429,1,1,일반/무난한 접근로
미금역사거리_까치마을사거리방면,출근(07-10),4.89137653722683,0.4827855582545021,1.1859875141212477,3.859917225488868,89.26206536477204,0.3178678001365109,1,1,일반/무난한 접근로
미금역사거리_까치마을사거리방면,낮(10-17),4.301539300799775,0.2278761926043643,1.0356553569473426,4.1353862466249165,89.14767645038171,1.1518664526418976,1,1,일반/무난한 접근로
미금역사거리_까치마을사거리방면,퇴근(17-20),5.796488785000249,0.1543664471997888,1.4032617802449203,1.765363000256321,89.83725529953212,1.0432646877666023,1,1,일반/무난한 접근로
미금역사거리_까치마을사거리방면,저녁(20-24),6.27829116168464,0.1521030198098973,1.1311249713177165,1.3854412204398645,89.95198759534686,1.1010520314010166,1,1,일반/무난한 접근로
미금역사거리_미금역방면,심야(00-04),2.111551054193841,0.2293444965229265,0.0529864871277106,4.339883271559701,90.04460355035825,3.221631140237569,1,2,배달·대중교통 혼합(오후~야간)
미금역사거리_미금역방면,새벽첫차(04-07),20.219733403246025,0.4237364510024005,1.3315090490508532,5.712085337178531,71.84741555175042,0.4655202077717787,0,3,새벽 첫차 대중교통 극단형
미금역사거리_미금역방면,출근(07-10),9.407011794724268,0.4199071931558079,0.7932358569623895,4.029568110467661,84.88023914647722,0.4700378982126553,1,1,일반/무난한 접근로
미금역사거리_미금역방면,낮(10-17),10.543050868974335,0.5898291521535353,0.7720910357303568,4.599873958199915,81.33294870937505,2.1622062755668194,1,2,배달·대중교통 혼합(오후~야간)
미금역사거리_미금역방면,퇴근(17-20),13.814983814677468,0.2203340436913375,1.0678149696755943,1.962190521001644,80.76919753634334,2.1654791146106214,1,2,배달·대중교통 혼합(오후~야간)
미금역사거리_미금역방면,저녁(20-24),14.064490437019936,0.0976320345583353,1.0225826818979549,1.216292336514455,80.87848105575833,2.720521454250991,1,2,배달·대중교통 혼합(오후~야간)
미금역사거리_정자일로방면,심야(00-04),3.1321206840213485,0.3698943470210217,0.1555386123515957,10.532621718767018,84.1842936499292,1.6255309879098137,1,0,물류/화물 중심
미금역사거리_정자일로방면,새벽첫차(04-07),9.511661600522713,1.0204255560921565,1.013607567966819,9.431266157211445,78.70600267037868,0.3170364478281867,0,0,물류/화물 중심
미금역사거리_정자일로방면,출근(07-10),5.135923316888579,0.3565912520354558,1.1703471309579063,4.10588137459282,88.85760729188952,0.3736496336357168,1,1,일반/무난한 접근로
미금역사거리_정자일로방면,낮(10-17),4.790034414293051,0.3350553812530898,0.5836510509078751,4.872302333804243,87.83829922035868,1.5806575993830705,1,1,일반/무난한 접근로
미금역사거리_정자일로방면,퇴근(17-20),4.895995245496937,0.2078571210874401,0.596446313736247,1.5265459754350674,91.3427661455,1.4303891987443236,1,1,일반/무난한 접근로
미금역사거리_정자일로방면,저녁(20-24),6.893789841177108,0.1181631008862232,0.7296147449457948,1.4367087713016315,89.27014968268402,1.551573859005225,1,1,일반/무난한 접근로
미금역사거리_청송마을사거리방면,심야(00-04),8.197587391036365,0.3393648557424202,0.0568665433946758,3.8148278594699305,84.25383757447683,3.3375157758797807,1,2,배달·대중교통 혼합(오후~야간)
미금역사거리_청송마을사거리방면,새벽첫차(04-07),23.527439619816416,0.6881062430831326,0.8186315995052404,7.4669617863420354,66.76160406223553,0.7372566890176421,0,3,새벽 첫차 대중교통 극단형
미금역사거리_청송마을사거리방면,출근(07-10),14.49205891766096,0.4646478104277482,1.2489808449537525,4.296670784318553,78.8344486715142,0.6631929711247851,1,1,일반/무난한 접근로
미금역사거리_청송마을사거리방면,낮(10-17),12.969647521475263,0.3352196892507358,0.8017173765796701,4.288414603887814,79.3150472169,2.2899535919065213,1,2,배달·대중교통 혼합(오후~야간)
미금역사거리_청송마을사거리방면,퇴근(17-20),11.024233261833407,0.2794091656378221,0.6158445022829541,1.3554046442317107,85.08889598095821,1.636212445055888,1,2,배달·대중교통 혼합(오후~야간)
미금역사거리_청송마을사거리방면,저녁(20-24),16.530981204205162,0.2849633641287034,0.2811404906021026,0.7664861420834661,80.7467346288627,1.3896941701178718,1,2,배달·대중교통 혼합(오후~야간)
오리삼거리_농수산물센터방면,심야(00-04),1.3262968125196066,1.793677455733851,0.0317675883238229,4.331113573099206,91.28893018675372,1.2282143835698034,1,0,물류/화물 중심
오리삼거리_농수산물센터방면,새벽첫차(04-07),14.840298792564369,1.1648084289261764,1.4245930811223824,7.190927644344355,75.23500256366434,0.1443694893783868,0,3,새벽 첫차 대중교통 극단형
오리삼거리_농수산물센터방면,출근(07-10),5.822765057272955,0.4190928553018468,0.9754724821553497,2.666484318975206,89.87698544199152,0.239199844303125,1,1,일반/무난한 접근로
오리삼거리_농수산물센터방면,낮(10-17),8.764667878423293,0.7919131499370503,1.3670293835727336,3.5744505986138755,84.3057843336217,1.1961546558313447,1,1,일반/무난한 접근로
오리삼거리_농수산물센터방면,퇴근(17-20),11.134030096010756,0.5684966194725277,1.298775918266504,2.0709167931406114,84.05911182868601,0.8686687444235865,1,1,일반/무난한 접근로
오리삼거리_농수산물센터방면,저녁(20-24),13.386061080657791,0.4516836335160533,0.8358131036282955,1.7386583137561993,82.79707648133646,0.7907073871051945,1,1,일반/무난한 접근로
오리삼거리_오리교1사거리방면,심야(00-04),11.477692187915038,0.9864715095670334,0.0540406862251206,5.233703069327788,80.6690053765903,1.5790871703747125,1,2,배달·대중교통 혼합(오후~야간)
오리삼거리_오리교1사거리방면,새벽첫차(04-07),10.438025523183674,0.901837641497009,0.7909275549178226,13.191368422511976,74.37006536763228,0.307775490257242,0,0,물류/화물 중심
오리삼거리_오리교1사거리방면,출근(07-10),7.333607964624949,1.1591662955969302,0.4686194062725469,4.269008493726738,86.21382665368121,0.5557711860976242,1,1,일반/무난한 접근로
오리삼거리_오리교1사거리방면,낮(10-17),6.261127380805314,0.7669263358307112,0.2817725327190413,4.5283443910733885,86.44494262813292,1.7168867314386205,1,2,배달·대중교통 혼합(오후~야간)
오리삼거리_오리교1사거리방면,퇴근(17-20),7.1447165152233945,0.141833619190113,0.2406062596552688,2.0136481407145204,88.54383340023598,1.91536206498072,1,2,배달·대중교통 혼합(오후~야간)
오리삼거리_오리교1사거리방면,저녁(20-24),12.723387611657856,0.188085610588012,0.3695565896110021,1.3887850359778438,83.85052083033757,1.479664321827709,1,2,배달·대중교통 혼합(오후~야간)
오리삼거리_오리역방면,심야(00-04),4.511127881928999,0.9631003133699514,1.0460658826586966,4.655068146719112,86.97940354752778,1.845234227795465,1,1,일반/무난한 접근로
오리삼거리_오리역방면,새벽첫차(04-07),18.74503945095476,1.6904473741861108,2.444271261676369,8.984474603784562,67.80284937528506,0.3329179341131346,0,3,새벽 첫차 대중교통 극단형
오리삼거리_오리역방면,출근(07-10),9.386081466098918,1.0017763398333583,2.05454808158131,6.080351754950096,81.10667577029027,0.37056658724605,0,1,일반/무난한 접근로
오리삼거리_오리역방면,낮(10-17),7.183971654678217,0.5744569737529255,1.2116321268948878,3.7969750567185834,86.19462192507201,1.0383422628833745,1,1,일반/무난한 접근로
오리삼거리_오리역방면,퇴근(17-20),5.799103010307638,0.4075029997932647,0.879655185397525,1.405586968429174,90.73655314695895,0.7715986891134323,1,1,일반/무난한 접근로
오리삼거리_오리역방면,저녁(20-24),9.25234363197358,0.6517377464557287,1.730546153934501,1.1400330595451706,86.00199488115969,1.2233445269313374,1,1,일반/무난한 접근로
