AvenueName,time_band,대형버스,대형트럭,소형버스,소형트럭,승용차,오토바이
동막교사거리_경기고속삼거리방면,심야(00-04),2.0864651440783875,0.9816528716063246,0.01811167659790267,5.62910908662815,88.64578994077482,2.6388712803144188
동막교사거리_경기고속삼거리방면,새벽첫차(04-07),24.14450204285968,4.026775188540607,1.2555916218529464,13.913247097201362,56.156032491965824,0.5038515575795747
동막교사거리_경기고속삼거리방면,출근(07-10),7.493949316628703,1.0761572567523592,0.3292283599088838,11.32748942401562,79.32293361535957,0.4502420273348519
동막교사거리_경기고속삼거리방면,낮(10-17),6.599564129625571,1.6991606067423761,0.2157143146821883,7.025392297820939,82.54104510398994,1.9191235471389851
동막교사거리_경기고속삼거리방면,퇴근(17-20),4.465714274082247,0.7625383202986643,0.20396780484230154,3.03732895813571,89.84537530483212,1.6850753378089542
동막교사거리_경기고속삼거리방면,저녁(20-24),8.165661602690479,0.6908848428621129,0.08697669024701381,2.0326452510727124,87.41708222196452,1.6067493911631683
동막교사거리_동막교삼거리방면,심야(00-04),10.06124157377627,0.8772084416442701,0.08943913292505618,4.5869498171564524,80.95298938185664,3.4321716526413177
동막교사거리_동막교삼거리방면,새벽첫차(04-07),15.258270154798954,2.342146007824596,0.7698392910460395,9.206366795640141,71.6861665943307,0.737211156359562
동막교사거리_동막교삼거리방면,출근(07-10),10.515140672012208,1.3355034800781365,0.9965456795933341,4.534056591820737,81.99952383007695,0.6192297464186313
동막교사거리_동막교삼거리방면,낮(10-17),9.520510168001445,0.8475840686079141,0.6563090252564228,4.557899460745111,82.20701209462085,2.210685182768253
동막교사거리_동막교삼거리방면,퇴근(17-20),7.8508331442889405,0.9307823929942237,0.4340421263105337,2.160577917258974,86.81669001697409,1.8070744021732317
동막교사거리_동막교삼거리방면,저녁(20-24),13.790574872647102,1.2524216699657826,0.08702211771645536,1.7022790233752427,81.39825258939416,1.769449726901259
동막교사거리_오리공원방면,심야(00-04),0.7865908903714686,2.545095132196689,0.037064492216456635,12.68429289185405,81.27007659995058,2.6768799934107568
동막교사거리_오리공원방면,새벽첫차(04-07),1.0050672841370516,1.343165878049599,0.5956575724017584,6.882781301385952,89.8167723749119,0.35655558911372864
동막교사거리_오리공원방면,출근(07-10),0.2185097290033927,0.5609983642703186,0.26354797439254046,3.0252337905622606,95.71889205916342,0.21281808260806084
동막교사거리_오리공원방면,낮(10-17),0.2737053093515348,0.8945722073327209,0.5904973768326107,5.8956731024743565,91.19359810494187,1.1519538990668965
동막교사거리_오리공원방면,퇴근(17-20),0.5572184338959603,1.6609806190461955,0.7672961882843223,4.488063569870068,91.23992843692757,1.2865127519758837
동막교사거리_오리공원방면,저녁(20-24),1.3117429234921234,0.3747836924263209,0.6132824057885251,2.4226448252055484,93.7290977396419,1.5484484134455891
동막교사거리_오리역방면,심야(00-04),2.555336434864048,0.28553371962873003,0.12296985525343973,3.113840390457844,90.01888329665812,3.903436303137825
동막교사거리_오리역방면,새벽첫차(04-07),25.571726155383743,0.7551894711427786,2.1364282064671167,4.106097102206052,66.88732797682214,0.5432310879781698
동막교사거리_오리역방면,출근(07-10),9.493599134923956,0.3567317466961669,1.1384022005621002,2.967469951563715,85.32304560585222,0.7207513604018417
동막교사거리_오리역방면,낮(10-17),12.305348895846699,0.5596967288720369,1.3425300893344438,3.506313095044316,79.54304266924552,2.74306852165698
동막교사거리_오리역방면,퇴근(17-20),13.85272028858271,0.3261649097643164,1.254734615903308,1.591527571741544,79.58816768020121,3.3866849338069214
동막교사거리_오리역방면,저녁(20-24),15.993400232005497,0.20587672173981597,1.4847225507089683,1.2674708022209458,77.38351859985809,3.6650110934666804
미금역사거리_까치마을사거리방면,심야(00-04),1.3147207027178562,0.22786575328680175,0.3392827619917048,10.849860189624561,85.83063177038032,1.4376388219987493
미금역사거리_까치마을사거리방면,새벽첫차(04-07),6.694427766264453,0.5101586256318879,1.1272297650636245,6.9012802386163346,84.54804284247835,0.2188607619453429
미금역사거리_까치마을사거리방면,출근(07-10),4.89137653722683,0.4827855582545021,1.1859875141212475,3.859917225488868,89.26206536477204,0.3178678001365109
미금역사거리_까치마을사거리방면,낮(10-17),4.301539300799775,0.2278761926043643,1.0356553569473426,4.1353862466249165,89.14767645038171,1.1518664526418976
미금역사거리_까치마을사거리방면,퇴근(17-20),5.796488785000249,0.15436644719978881,1.4032617802449205,1.765363000256321,89.83725529953212,1.0432646877666025
미금역사거리_까치마을사거리방면,저녁(20-24),6.27829116168464,0.1521030198098973,1.1311249713177163,1.3854412204398645,89.95198759534686,1.1010520314010166
미금역사거리_미금역방면,심야(00-04),2.111551054193841,0.22934449652292654,0.05298648712771061,4.339883271559701,90.04460355035825,3.2216311402375695
미금역사거리_미금역방면,새벽첫차(04-07),20.219733403246025,0.42373645100240054,1.3315090490508532,5.712085337178531,71.84741555175042,0.46552020777177877
미금역사거리_미금역방면,출근(07-10),9.407011794724268,0.41990719315580793,0.7932358569623895,4.029568110467661,84.88023914647722,0.4700378982126553
미금역사거리_미금역방면,낮(10-17),10.543050868974335,0.5898291521535353,0.7720910357303568,4.599873958199915,81.33294870937505,2.1622062755668194
미금역사거리_미금역방면,퇴근(17-20),13.814983814677467,0.22033404369133755,1.0678149696755945,1.962190521001644,80.76919753634334,2.1654791146106214
미금역사거리_미금역방면,저녁(20-24),14.064490437019936,0.09763203455833533,1.0225826818979549,1.216292336514455,80.87848105575833,2.720521454250991
미금역사거리_정자일로방면,심야(00-04),3.1321206840213485,0.3698943470210217,0.1555386123515957,10.532621718767018,84.1842936499292,1.6255309879098137
미금역사거리_정자일로방면,새벽첫차(04-07),9.511661600522713,1.0204255560921565,1.013607567966819,9.431266157211443,78.70600267037868,0.3170364478281867
미금역사거리_정자일로방면,출근(07-10),5.135923316888579,0.35659125203545583,1.1703471309579063,4.10588137459282,88.85760729188952,0.37364963363571685
미금역사거리_정자일로방면,낮(10-17),4.790034414293051,0.33505538125308987,0.5836510509078751,4.872302333804243,87.83829922035868,1.5806575993830705
미금역사거리_정자일로방면,퇴근(17-20),4.895995245496937,0.20785712108744017,0.596446313736247,1.5265459754350674,91.3427661455,1.4303891987443236
미금역사거리_정자일로방면,저녁(20-24),6.893789841177108,0.11816310088622325,0.7296147449457948,1.4367087713016315,89.27014968268402,1.551573859005225
미금역사거리_청송마을사거리방면,심야(00-04),8.197587391036365,0.3393648557424202,0.05686654339467583,3.8148278594699305,84.25383757447683,3.3375157758797807
미금역사거리_청송마을사거리방면,새벽첫차(04-07),23.527439619816416,0.6881062430831326,0.8186315995052404,7.4669617863420354,66.76160406223553,0.7372566890176421
미금역사거리_청송마을사거리방면,출근(07-10),14.49205891766096,0.4646478104277482,1.2489808449537525,4.296670784318553,78.8344486715142,0.6631929711247851
미금역사거리_청송마을사거리방면,낮(10-17),12.969647521475263,0.33521968925073586,0.8017173765796701,4.288414603887814,79.3150472169,2.2899535919065213
미금역사거리_청송마을사거리방면,퇴근(17-20),11.024233261833407,0.27940916563782214,0.6158445022829541,1.3554046442317107,85.08889598095821,1.6362124450558881
미금역사거리_청송마을사거리방면,저녁(20-24),16.530981204205162,0.28496336412870343,0.2811404906021026,0.7664861420834661,80.7467346288627,1.3896941701178718
오리삼거리_농수산물센터방면,심야(00-04),1.3262968125196066,1.793677455733851,0.03176758832382291,4.331113573099206,91.28893018675372,1.2282143835698034
오리삼거리_농수산물센터방면,새벽첫차(04-07),14.840298792564369,1.1648084289261764,1.4245930811223824,7.190927644344355,75.23500256366434,0.1443694893783868
오리삼거리_농수산물센터방면,출근(07-10),5.822765057272955,0.4190928553018468,0.9754724821553497,2.666484318975206,89.87698544199152,0.239199844303125
오리삼거리_농수산물센터방면,낮(10-17),8.764667878423293,0.7919131499370503,1.3670293835727336,3.5744505986138755,84.3057843336217,1.1961546558313447
오리삼거리_농수산물센터방면,퇴근(17-20),11.134030096010756,0.5684966194725277,1.298775918266504,2.0709167931406114,84.05911182868601,0.8686687444235865
오리삼거리_농수산물센터방면,저녁(20-24),13.386061080657791,0.4516836335160533,0.8358131036282955,1.7386583137561993,82.79707648133646,0.7907073871051945
오리삼거리_오리교1사거리방면,심야(00-04),11.477692187915038,0.9864715095670334,0.05404068622512068,5.233703069327788,80.6690053765903,1.5790871703747125
오리삼거리_오리교1사거리방면,새벽첫차(04-07),10.438025523183674,0.901837641497009,0.7909275549178226,13.191368422511976,74.37006536763228,0.30777549025724205
오리삼거리_오리교1사거리방면,출근(07-10),7.3336079646249495,1.1591662955969302,0.46861940627254695,4.269008493726738,86.21382665368121,0.5557711860976242
오리삼거리_오리교1사거리방면,낮(10-17),6.261127380805314,0.7669263358307112,0.28177253271904135,4.5283443910733885,86.44494262813292,1.7168867314386205
오리삼거리_오리교1사거리방면,퇴근(17-20),7.1447165152233945,0.141833619190113,0.24060625965526888,2.0136481407145204,88.54383340023598,1.9153620649807197
오리삼거리_오리교1사거리방면,저녁(20-24),12.723387611657857,0.188085610588012,0.36955658961100213,1.3887850359778438,83.85052083033757,1.479664321827709
오리삼거리_오리역방면,심야(00-04),4.511127881928999,0.9631003133699514,1.0460658826586966,4.6550681467191115,86.97940354752778,1.845234227795465
오리삼거리_오리역방면,새벽첫차(04-07),18.74503945095476,1.6904473741861108,2.4442712616763695,8.984474603784562,67.80284937528506,0.33291793411313464
오리삼거리_오리역방면,출근(07-10),9.386081466098918,1.0017763398333583,2.0545480815813106,6.080351754950096,81.10667577029027,0.37056658724605
오리삼거리_오리역방면,낮(10-17),7.183971654678217,0.5744569737529255,1.2116321268948878,3.7969750567185825,86.19462192507201,1.0383422628833743
오리삼거리_오리역방면,퇴근(17-20),5.799103010307638,0.4075029997932647,0.879655185397525,1.405586968429174,90.73655314695897,0.7715986891134323
오리삼거리_오리역방면,저녁(20-24),9.25234363197358,0.6517377464557287,1.730546153934501,1.1400330595451706,86.00199488115969,1.2233445269313374
